Keyword,Category,Est_KD,Est_Monthly_Vol,Intent
how to start a home bakery business,Home Bakery,18,1900,Informational
can you sell baked goods from home legally,Home Bakery,16,800,Informational
what is a cottage food business,Home Bakery,10,320,Informational
home bakery license requirements by state,Home Bakery,15,500,Informational
how to price homemade baked goods to sell,Home Bakery,18,600,Informational
what can you legally sell from a home bakery,Home Bakery,10,280,Informational
how to market a home bakery for free online,Home Bakery,11,240,Informational
what equipment do you need to start a home bakery,Home Bakery,8,220,Informational
home bakery vs commercial bakery key differences,Home Bakery,6,150,Informational
how to get your first customers for a home bakery,Home Bakery,10,200,Informational
what are cottage food laws explained simply,Home Bakery,11,330,Informational
do I need a permit to sell homemade baked goods,Home Bakery,16,680,Informational
how to name a home bakery business tips,Home Bakery,9,290,Informational
how much can you realistically earn from a home bakery,Home Bakery,15,380,Informational
benefits of buying baked goods from a local home baker,Home Bakery,6,120,Informational
what food labeling is required for home baked goods,Home Bakery,8,180,Informational
how to take online orders for a home bakery,Home Bakery,8,200,Informational
home bakery food safety requirements guide,Home Bakery,12,260,Informational
what is an artisan home bakery meaning,Home Bakery,7,180,Informational
what is a small batch bakery business model,Home Bakery,8,250,Informational
how to grow a home bakery into a real business,Home Bakery,9,170,Informational
is a home bakery business profitable in 2026,Home Bakery,14,400,Informational
what are cottage food laws in Texas specifically,Home Bakery,12,380,Informational
how to sell homemade bread legally in my state,Home Bakery,14,520,Informational
what is a popup home bakery and how does it work,Home Bakery,9,350,Informational
how to sell homemade baked goods at a farmers market,Home Bakery,17,700,Informational
how to photograph baked goods to sell online tips,Home Bakery,12,320,Informational
how to package homemade bread for selling to customers,Home Bakery,10,220,Informational
what organic certifications are worth it for home bakers,Home Bakery,5,110,Informational
how to handle food allergy requests in a home bakery,Home Bakery,9,180,Informational
what are cottage food operation requirements in detail,Home Bakery,11,280,Informational
how to source quality organic ingredients for home baking,Home Bakery,5,110,Informational
what home bakery social media content gets the most engagement,Home Bakery,9,190,Informational
why homemade baked goods taste better than store bought,Home Bakery,10,360,Informational
what makes handmade baked goods special to customers,Home Bakery,5,110,Informational
what is a micro bakery and is it different from a home bakery,Home Bakery,10,410,Informational
how to build trust with customers as a home baker,Home Bakery,7,130,Informational
how to price gluten free baked goods for home sale,Home Bakery,8,160,Informational
what are the best selling items from a home bakery,Home Bakery,12,430,Informational
how to start a home bakery with zero prior experience,Home Bakery,12,280,Informational
how to brand a home bakery on a small budget,Home Bakery,8,150,Informational
what insurance do home bakers need when selling food,Home Bakery,11,200,Informational
how to create a seasonal menu for a home bakery,Home Bakery,9,250,Informational
what are common home bakery startup mistakes to avoid,Home Bakery,7,150,Informational
home baked goods shelf life and proper storage guide,Home Bakery,8,200,Informational
how to scale up home baking recipes for selling in bulk,Home Bakery,9,180,Informational
what is the difference between a home baker and a pastry chef,Home Bakery,5,110,Informational
how to accept payment safely for a home bakery business,Home Bakery,7,150,Informational
what makes an organic home bakery stand out from competitors,Home Bakery,5,100,Informational
what are the pros and cons of running a home bakery,Home Bakery,11,300,Informational
gluten free baking for complete beginners guide,Gluten-Free,20,750,Informational
what is the best gluten free flour blend for baking cookies,Gluten-Free,22,1100,Informational
why does gluten free bread fall apart when you slice it,Gluten-Free,11,290,Informational
what does gluten actually do in the baking process,Gluten-Free,17,580,Informational
how to make gluten free cookies chewy and not crumbly,Gluten-Free,16,660,Informational
what is xanthan gum and why is it used in gluten free baking,Gluten-Free,13,360,Informational
how to bake gluten free without any xanthan gum substitutes,Gluten-Free,15,390,Informational
is almond flour good for making cookies with good texture,Gluten-Free,18,850,Informational
how to substitute gluten free flour in any existing recipe,Gluten-Free,17,490,Informational
what flours are naturally gluten free complete list,Gluten-Free,15,400,Informational
is oat flour actually safe and gluten free for celiacs,Gluten-Free,19,1050,Informational
why are people choosing gluten free diets without celiac disease,Gluten-Free,14,400,Informational
does going gluten free automatically mean eating healthier,Gluten-Free,17,800,Informational
how to make gluten free muffins that are moist and fluffy,Gluten-Free,13,350,Informational
what is tapioca starch used for in gluten free baking recipes,Gluten-Free,12,270,Informational
is rice flour a good substitute for all-purpose flour in baking,Gluten-Free,14,340,Informational
what is the science behind gluten free baking techniques,Gluten-Free,9,190,Informational
what happens to bread structure when gluten is removed,Gluten-Free,10,230,Informational
is buckwheat flour actually gluten free explained simply,Gluten-Free,14,640,Informational
how to read food labels to spot hidden gluten sources,Gluten-Free,17,400,Informational
are oats truly safe for people with gluten sensitivity,Gluten-Free,20,2600,Informational
what is non-celiac gluten sensitivity symptoms and causes,Gluten-Free,17,420,Informational
how to prevent cross contamination when baking gluten free,Gluten-Free,12,270,Informational
how to make gluten free baked goods actually taste better,Gluten-Free,14,300,Informational
what is cassava flour and how do you bake with it,Gluten-Free,13,390,Informational
how to make a gluten free sourdough starter from scratch,Gluten-Free,17,550,Informational
what is sorghum flour and what is it best used for in baking,Gluten-Free,11,220,Informational
how to bake with coconut flour without it turning out dry,Gluten-Free,17,550,Informational
how to make a gluten free birthday cake from scratch,Gluten-Free,15,360,Informational
what does gluten free certified mean on a food package,Gluten-Free,12,270,Informational
common mistakes beginners make in gluten free baking,Gluten-Free,13,340,Informational
what is quinoa flour and is it good for gluten free baking,Gluten-Free,11,250,Informational
what does arrowroot powder do in gluten free baking recipes,Gluten-Free,9,170,Informational
what is the best egg substitute for gluten free baking,Gluten-Free,14,320,Informational
how to make a gluten free pie crust that is actually flaky,Gluten-Free,17,560,Informational
what is the difference between almond meal and almond flour,Gluten-Free,17,720,Informational
what seeds can you add to gluten free bread for extra nutrition,Gluten-Free,8,170,Informational
how to store gluten free baked goods and keep them fresh longer,Gluten-Free,11,280,Informational
what is the glycemic index difference between gluten free and regular bread,Gluten-Free,9,190,Informational
how does high altitude affect gluten free baking differently,Gluten-Free,5,100,Informational
how to make gluten free brownies that are fudgy not cakey,Gluten-Free,17,620,Informational
what is teff flour and what baked goods does it work well for,Gluten-Free,10,240,Informational
is millet flour a good option for gluten free cookie recipes,Gluten-Free,8,170,Informational
what does psyllium husk do in gluten free bread baking,Gluten-Free,12,320,Informational
how to make dairy free and gluten free cookies at home,Gluten-Free,18,420,Informational
what is the protein content of the most popular gluten free flours,Gluten-Free,6,130,Informational
which gluten free flour works best for making pastry dough,Gluten-Free,15,380,Informational
how to adjust baking time and temperature for gluten free recipes,Gluten-Free,10,220,Informational
why do gluten free baked goods dry out faster than regular ones,Gluten-Free,8,160,Informational
what role do fats play in keeping gluten free baked goods moist,Gluten-Free,6,130,Informational
how to make gluten free chocolate chip cookies from scratch,Gluten-Free,16,500,Informational
what does chia seed do when used as a binder in gluten free baking,Gluten-Free,9,200,Informational
how to get a good rise in gluten free bread without yeast,Gluten-Free,11,240,Informational
what is a homemade gluten free all-purpose flour blend recipe,Gluten-Free,19,680,Informational
why is gluten free bread so much more expensive than regular bread,Gluten-Free,12,290,Informational
what is clean eating for beginners complete step by step,Clean Eating,20,2100,Informational
what foods should you cut out when eating clean,Clean Eating,18,850,Informational
how to start eating clean on a very tight budget,Clean Eating,19,800,Informational
what is whole food baking and how does it work,Clean Eating,9,260,Informational
how to bake using only natural sweeteners guide,Clean Eating,14,420,Informational
what is the difference between refined and unrefined sugar for baking,Clean Eating,15,550,Informational
how to use honey as a substitute for sugar when baking cookies,Clean Eating,18,700,Informational
what is coconut sugar and is it actually better than regular sugar,Clean Eating,15,460,Informational
is maple syrup a healthier sweetener substitute for baking,Clean Eating,16,590,Informational
how to bake healthy treats with zero refined sugar,Clean Eating,15,520,Informational
what natural sweeteners work best for clean eating baking,Clean Eating,12,300,Informational
what are ultra processed foods and why should you avoid them,Clean Eating,17,1900,Informational
how do ultra processed foods affect your long-term health,Clean Eating,17,850,Informational
what artificial preservatives are added to store bought bread,Clean Eating,15,580,Informational
are food preservatives in packaged baked goods safe to eat daily,Clean Eating,15,490,Informational
what are artificial food dyes and what are the health risks,Clean Eating,14,700,Informational
how to bake healthier bread using whole wheat flour tips,Clean Eating,15,570,Informational
what is the nutritional difference between whole wheat and white flour,Clean Eating,13,450,Informational
how to reduce sugar in baking while keeping moisture and flavor,Clean Eating,15,520,Informational
what does organic flour mean and is it actually better for you,Clean Eating,12,370,Informational
why should you use organic ingredients when baking for children,Clean Eating,11,290,Informational
what is non-GMO food and why does it matter in baking,Clean Eating,17,1500,Informational
how to bake desserts using medjool dates as the only sweetener,Clean Eating,13,380,Informational
what does unsweetened applesauce replace in a baking recipe,Clean Eating,12,590,Informational
how to make healthy muffins with zero refined sugar added,Clean Eating,13,360,Informational
what is the real food movement and what does it stand for,Clean Eating,10,330,Informational
why is cooking from scratch better for you than eating processed food,Clean Eating,12,360,Informational
how to read ingredient lists on labels to make cleaner choices,Clean Eating,14,510,Informational
how to make banana bread without any refined sugar,Clean Eating,13,530,Informational
what does mashed ripe banana actually do in baking recipes,Clean Eating,10,310,Informational
how to replace eggs in baking when following a clean diet,Clean Eating,15,460,Informational
what is mashed avocado used for as a fat in baking,Clean Eating,10,270,Informational
what are the health benefits of whole grains in baked goods,Clean Eating,8,180,Informational
how to bake with spelt flour instead of all-purpose flour,Clean Eating,11,360,Informational
what is einkorn flour and what are its nutritional benefits,Clean Eating,10,270,Informational
what is the difference between organic and conventional butter for baking,Clean Eating,9,220,Informational
how to make clean eating granola bars from scratch at home,Clean Eating,13,450,Informational
what are the best clean ingredient substitutions in everyday baking,Clean Eating,8,220,Informational
how to bake without using artificial colors or artificial flavors,Clean Eating,9,200,Informational
what is the benefit of using grass-fed butter in cookie recipes,Clean Eating,8,190,Informational
what are chia seeds used for in clean eating baking,Clean Eating,10,280,Informational
how to make no-sugar-added cookies sweetened only with fruit,Clean Eating,12,320,Informational
what does clean eating mean when it comes to desserts,Clean Eating,7,150,Informational
why does store bought bread stay fresh for weeks without molding,Clean Eating,12,300,Informational
what is the difference between minimally processed and ultra processed food,Clean Eating,16,750,Informational
why are homemade cookies so much better than store bought ones,Homemade Cookies,11,330,Informational
what makes a cookie chewy versus crispy texture science explained,Homemade Cookies,17,1300,Informational
how to keep homemade cookies soft for several days after baking,Homemade Cookies,18,1700,Informational
why do homemade cookies come out flat troubleshooting guide,Homemade Cookies,16,900,Informational
what does brown sugar do differently than white sugar in cookies,Homemade Cookies,15,660,Informational
what does baking soda do versus baking powder in cookie recipes,Homemade Cookies,17,1100,Informational
how to properly freeze and thaw homemade cookies step by step,Homemade Cookies,15,700,Informational
how long do homemade cookies actually stay fresh before going stale,Homemade Cookies,17,1500,Informational
how to make thick bakery-style cookies at home tips,Homemade Cookies,14,530,Informational
how to make cookies without any electric stand mixer,Homemade Cookies,15,640,Informational
how to make dairy free cookies completely from scratch,Homemade Cookies,14,490,Informational
what is the food science behind baking the perfect cookie,Homemade Cookies,9,230,Informational
how to make cookies without butter using dairy free substitutes,Homemade Cookies,16,550,Informational
how to make completely egg free cookies from scratch,Homemade Cookies,17,700,Informational
how to bake good cookies using almond flour tips,Homemade Cookies,17,1000,Informational
how to gift wrap and ship homemade cookies safely,Homemade Cookies,11,320,Informational
how to make cookies with zero refined sugar recipe ideas,Homemade Cookies,13,440,Informational
what are the healthiest possible ingredients to put in homemade cookies,Homemade Cookies,12,360,Informational
how to make whole grain oatmeal cookies that actually taste great,Homemade Cookies,11,360,Informational
how to safely bake cookies for someone with serious food allergies,Homemade Cookies,11,290,Informational
what natural food colorings can you use to decorate homemade cookies,Homemade Cookies,12,360,Informational
what is the best natural sweetener to use in homemade cookie recipes,Homemade Cookies,12,400,Informational
what are peanut-free ingredient alternatives for cookie recipes,Homemade Cookies,9,250,Informational
how to successfully bake cookies at high altitude tips and tricks,Homemade Cookies,11,300,Informational
how to make a small batch of cookies for just one or two people,Homemade Cookies,12,420,Informational
how to store homemade cookies so they stay the freshest longest,Homemade Cookies,15,660,Informational
why do some homemade cookies get hard after they cool down,Homemade Cookies,11,360,Informational
what does browning the butter do to the flavor of cookies,Homemade Cookies,13,470,Informational
what does cornstarch do to the texture in a cookie recipe,Homemade Cookies,12,410,Informational
how to make gluten free cookies that actually taste as good as regular,Homemade Cookies,16,450,Informational
why should you chill cookie dough before baking science behind it,Homemade Cookies,13,400,Informational
what role do eggs play in the structure of homemade cookies,Homemade Cookies,9,260,Informational
how to make organic chocolate chip cookies completely from scratch,Homemade Cookies,12,430,Informational
what does bread flour do differently than all-purpose flour in cookies,Homemade Cookies,13,440,Informational
how to make homemade cookies with no artificial ingredients at all,Homemade Cookies,10,260,Informational
how to ship homemade cookies without them crumbling or breaking,Homemade Cookies,12,390,Informational
what happens when you over-cream the butter and sugar for cookies,Homemade Cookies,7,150,Informational
what is the Maillard reaction and how does it affect cookie flavor,Homemade Cookies,8,200,Informational
how does humidity in the kitchen affect homemade cookie texture,Homemade Cookies,6,120,Informational
how to make soft and chewy cookies using only organic ingredients,Homemade Cookies,11,290,Informational
what are ultra processed foods simply defined for everyday people,Adjacent: Food Science,16,850,Informational
what is the NOVA food classification system and how it works,Adjacent: Food Science,8,190,Informational
how does regularly eating processed food affect your gut health,Adjacent: Food Science,17,800,Informational
why is long-fermented sourdough better for blood sugar than regular bread,Adjacent: Sourdough,11,240,Informational
how does sourdough fermentation work explained step by step,Adjacent: Sourdough,14,720,Informational
why is sourdough bread easier to digest than regular store bread,Adjacent: Sourdough,16,620,Informational
what is phytic acid in grains and how do you naturally reduce it,Adjacent: Food Science,8,220,Informational
what are ancient grains and are they actually healthier than modern wheat,Adjacent: Ancient Grains,14,550,Informational
what is einkorn wheat and what makes it different from modern wheat,Adjacent: Ancient Grains,9,310,Informational
what is spelt flour and how do you use it for home baking,Adjacent: Ancient Grains,13,490,Informational
what is the nutritional difference between spelt and modern wheat flour,Adjacent: Ancient Grains,11,450,Informational
how does dietary fiber in bread affect blood sugar response,Adjacent: Food Science,13,400,Informational
what does certified organic actually mean on a food label,Adjacent: Organic,17,1100,Informational
how to read a food ingredient list label for complete beginners,Adjacent: Food Labels,20,2600,Informational
what are the most common food allergens parents need to know about,Adjacent: Food Allergies,17,1000,Informational
how to safely bake for someone with multiple severe food allergies,Adjacent: Food Allergies,11,280,Informational
what is dairy free baking and how does it actually work,Adjacent: Dairy-Free,14,640,Informational
how to replace all dairy ingredients in baking a complete guide,Adjacent: Dairy-Free,16,680,Informational
what does oat milk do differently than regular milk in baking,Adjacent: Dairy-Free,13,490,Informational
what is coconut milk typically used for when baking at home,Adjacent: Dairy-Free,12,460,Informational
what are the best plant-based milk alternatives for home baking,Adjacent: Dairy-Free,15,580,Informational
how to bake without using any eggs a complete beginner guide,Adjacent: Vegan Baking,16,730,Informational
what is a flax egg substitute and how do you use it in baking,Adjacent: Vegan Baking,13,430,Informational
what are the real benefits of buying food from local producers,Adjacent: Local Food,14,550,Informational
what does farm-to-table food production actually mean in practice,Adjacent: Local Food,13,620,Informational
what is the difference between artisan food and mass-produced food,Adjacent: Local Food,7,190,Informational
why should people choose to support small local food businesses,Adjacent: Local Food,5,120,Informational
what is the slow food movement its history and purpose,Adjacent: Food Culture,11,450,Informational
what homemade baked goods make the best gifts for neighbors,Adjacent: Gift Baking,13,520,Informational
how to package homemade baked goods beautifully as gifts,Adjacent: Gift Baking,12,460,Informational
how to sneak vegetables into baked goods for picky kids,Adjacent: Kids Baking,13,520,Informational
what vegetables can you secretly bake into muffins for kids,Adjacent: Kids Baking,10,300,Informational
how to make healthy muffins appropriate for toddlers and babies,Adjacent: Kids Baking,16,680,Informational
what are some kid-friendly healthy baked snack ideas for lunchboxes,Adjacent: Kids Baking,12,380,Informational
how to bake snacks that even very picky eaters will actually eat,Adjacent: Kids Baking,11,300,Informational
what is the nutritional benefit of adding zucchini to muffins,Adjacent: Kids Baking,6,130,Informational
how to lower sugar in kids baked snacks without ruining the taste,Adjacent: Kids Baking,10,250,Informational
what natural ingredients can make homemade muffins more nutritious,Adjacent: Kids Baking,6,130,Informational
how to make school-safe allergen-free baked snacks for kids,Adjacent: Kids Baking,10,230,Informational
what are nut-free baked goods options for school lunchboxes,Adjacent: Kids Baking,8,180,Informational
what does wild yeast do differently than commercial packaged yeast,Adjacent: Sourdough,10,280,Informational
how does lactic acid fermentation naturally preserve baked goods,Adjacent: Sourdough,7,150,Informational
what are the best anti-inflammatory foods to incorporate into baking,Adjacent: Nutrition,16,680,Informational
what whole food ingredients are naturally anti-inflammatory for baking,Adjacent: Nutrition,13,450,Informational
what does ground flaxseed add nutritionally when baked into goods,Adjacent: Nutrition,9,240,Informational
what are adaptogenic ingredients and can you actually bake with them,Adjacent: Nutrition,9,240,Informational
what is the real difference between processed and unprocessed food,Adjacent: Food Science,18,1800,Informational
what are the genuine benefits of making food completely from scratch,Adjacent: Food Culture,8,190,Informational
why does homemade food always taste so much better than packaged,Adjacent: Food Culture,10,310,Informational
what does seasonal baking mean and why does it actually matter,Adjacent: Food Culture,5,110,Informational
what pesticides are most commonly found in conventional baking ingredients,Adjacent: Organic,7,150,Informational
is organic flour really worth the extra price for everyday home baking,Adjacent: Organic,9,220,Informational
how to bake more sustainably and reduce food waste at home,Adjacent: Organic,6,130,Informational
what is the difference between local organic and conventional baking ingredients,Adjacent: Organic,5,100,Informational
what are the benefits of raw honey versus processed honey in baking,Adjacent: Sweeteners,8,200,Informational
why does using high-quality butter make noticeably better cookies,Adjacent: Baking Science,7,160,Informational
what is cultured butter and why do bakers prefer it for cookies,Adjacent: Baking Science,9,280,Informational
what is the glycemic load of a homemade cookie vs a store-bought one,Adjacent: Baking Science,6,120,Informational
how does protein content in flour affect baking texture and structure,Adjacent: Baking Science,8,220,Informational
what is the real difference between homemade bread and artisan bakery bread,Adjacent: Baking Science,7,180,Informational
